4,0.004708398354705423,"tensor(26.4574, device='cuda:0')",0.6839103073638604
5,0.004506048602052033,"tensor(26.5980, device='cuda:0')",0.6968588943561269
6,0.004275829349353444,"tensor(26.7708, device='cuda:0')",0.710852065352653
7,0.0042226247760117986,"tensor(26.8232, device='cuda:0')",0.7131176944075586
8,0.004071991475357208,"tensor(26.9751, device='cuda:0')",0.7223053651603802
9,0.0039967860581236895,"tensor(27.0596, device='cuda:0')",0.7266959487740199
10,0.0038494504994014277,"tensor(27.2495, device='cuda:0')",0.7343595002184483
11,0.003765073227696121,"tensor(27.3703, device='cuda:0')",0.7390156159868556
12,0.0036289898472023196,"tensor(27.5838, device='cuda:0')",0.7448983653015208
13,0.003559304166410584,"tensor(27.6935, device='cuda:0')",0.7483674968682998
14,0.003452910149935633,"tensor(27.8601, device='cuda:0')",0.7535576561427088
15,0.0033879896058351734,"tensor(27.9591, device='cuda:0')",0.7578254025032614
16,0.0032959573151310905,"tensor(28.1080, device='cuda:0')",0.7637845358880849
17,0.0032475323832477443,"tensor(28.1859, device='cuda:0')",0.7674432233383415
18,0.0031892975795199162,"tensor(28.2870, device='cuda:0')",0.7710815549927489
19,0.003145970125333406,"tensor(28.3540, device='cuda:0')",0.7750321132580678
20,0.003102474459155928,"tensor(28.4294, device='cuda:0')",0.7781142992109089
21,0.0030903689537080934,"tensor(28.4517, device='cuda:0')",0.7786236696218768
22,0.003048663455265341,"tensor(28.5203, device='cuda:0')",0.7823355784127455
23,0.0030403019348159434,"tensor(28.5352, device='cuda:0')",0.7827875317104639
24,0.003014851130428724,"tensor(28.5784, device='cuda:0')",0.7849594716860768
25,0.003002272252488183,"tensor(28.5997, device='cuda:0')",0.7860558684732399
26,0.002983059596881503,"tensor(28.6320, device='cuda:0')",0.7877458526915937
27,0.0029776172224956097,"tensor(28.6428, device='cuda:0')",0.7879835304237658
28,0.0029643919283989816,"tensor(28.6658, device='cuda:0')",0.7887507010177883
29,0.0029509969502396417,"tensor(28.6873, device='cuda:0')",0.79019565874206
30,0.002942317702254513,"tensor(28.7021, device='cuda:0')",0.7905541340696653
31,0.002935384854063159,"tensor(28.7137, device='cuda:0')",0.7910743006356249
32,0.0029241934936726464,"tensor(28.7309, device='cuda:0')",0.7916020109171613
33,0.0029184490750776603,"tensor(28.7402, device='cuda:0')",0.7919152627552044
34,0.002902938478364376,"tensor(28.7634, device='cuda:0')",0.7929284965306215
35,0.002896336783742299,"tensor(28.7736, device='cuda:0')",0.7930645167364975
36,0.002880163809459191,"tensor(28.7992, device='cuda:0')",0.7940323432293169
37,0.0028703166400373447,"tensor(28.8137, device='cuda:0')",0.7946268983261474
38,0.002852165371295996,"tensor(28.8435, device='cuda:0')",0.7954490032639557
39,0.0028435817940044216,"tensor(28.8569, device='cuda:0')",0.7957928530276319
40,0.0028237894731864797,"tensor(28.8905, device='cuda:0')",0.7967096831936971
41,0.002810006250074366,"tensor(28.9133, device='cuda:0')",0.7975097194807073
42,0.002790008705414948,"tensor(28.9486, device='cuda:0')",0.798356654915951
43,0.0027777805045479907,"tensor(28.9699, device='cuda:0')",0.7990108832709985
44,0.0027587353258422807,"tensor(29.0043, device='cuda:0')",0.7999897525664162
45,0.0027493959810817614,"tensor(29.0203, device='cuda:0')",0.8003664575747709
46,0.002728418790647993,"tensor(29.0580, device='cuda:0')",0.8013477085140511
47,0.0027131892976467497,"tensor(29.0856, device='cuda:0')",0.8021724629476437
48,0.002693940201352234,"tensor(29.1202, device='cuda:0')",0.802959376633888
49,0.0026834704630164198,"tensor(29.1406, device='cuda:0')",0.8036090140490448
50,0.002665862461508368,"tensor(29.1744, device='cuda:0')",0.804549176946661
51,0.0026582098972721723,"tensor(29.1865, device='cuda:0')",0.8048445578163043
52,0.0026441873711155494,"tensor(29.2154, device='cuda:0')",0.8056523455018701
53,0.002635933248966467,"tensor(29.2305, device='cuda:0')",0.8059892671959329
54,0.002628302519151475,"tensor(29.2464, device='cuda:0')",0.8064025841335488
55,0.0026180154570465673,"tensor(29.2652, device='cuda:0')",0.8071184311482621
56,0.0026085334746312585,"tensor(29.2827, device='cuda:0')",0.8076132816493592
57,0.002605610503160278,"tensor(29.2878, device='cuda:0')",0.8075996476940204
58,0.002593794441127102,"tensor(29.3119, device='cuda:0')",0.8083014948540103
59,0.002585930544155417,"tensor(29.3249, device='cuda:0')",0.8086899754467344
60,0.0025778005996107823,"tensor(29.3404, device='cuda:0')",0.8092459518474455
61,0.0025756408178131095,"tensor(29.3440, device='cuda:0')",0.8093154578557433
62,0.0025703250365040732,"tensor(29.3543, device='cuda:0')",0.8095706338110281
63,0.0025617975694331107,"tensor(29.3730, device='cuda:0')",0.8101647273467008
64,0.0025585438239068025,"tensor(29.3805, device='cuda:0')",0.8102471916796534
65,0.0025558891686523564,"tensor(29.3877, device='cuda:0')",0.8106775419303763
66,0.002544086858033552,"tensor(29.4039, device='cuda:0')",0.8111463306895708
67,0.0025408295568195172,"tensor(29.4123, device='cuda:0')",0.8113650243964563
68,0.0025348547870817128,"tensor(29.4223, device='cuda:0')",0.8116517475060638
69,0.0025315563747426496,"tensor(29.4254, device='cuda:0')",0.8115966113696905
70,0.0025252408118831226,"tensor(29.4434, device='cuda:0')",0.8122180829654607
71,0.002521507556812139,"tensor(29.4480, device='cuda:0')",0.8122589259832914
72,0.0025152677058940752,"tensor(29.4578, device='cuda:0')",0.8124900694699814
73,0.0025109999567212073,"tensor(29.4669, device='cuda:0')",0.8129102730597824
74,0.002506376771852956,"tensor(29.4779, device='cuda:0')",0.8131087975872127
75,0.002503364856893313,"tensor(29.4840, device='cuda:0')",0.813353915869763
76,0.002503246311825933,"tensor(29.4798, device='cuda:0')",0.81324702177398
77,0.0024954527832596798,"tensor(29.4994, device='cuda:0')",0.8136261023745248
78,0.0024904485627484972,"tensor(29.5087, device='cuda:0')",0.8139702364559069
79,0.002489599890250247,"tensor(29.5088, device='cuda:0')",0.8139818119775383
80,0.002480900841546827,"tensor(29.5254, device='cuda:0')",0.8144400574252733
81,0.0024776960291637805,"tensor(29.5298, device='cuda:0')",0.8145181672671521
82,0.002475308070643223,"tensor(29.5363, device='cuda:0')",0.8147499691911431
83,0.0024706922312179814,"tensor(29.5435, device='cuda:0')",0.8150095308578418
84,0.00246817868501239,"tensor(29.5507, device='cuda:0')",0.8150309796412069
85,0.0024616171558591304,"tensor(29.5611, device='cuda:0')",0.8154066047366599
86,0.002459712533527636,"tensor(29.5599, device='cuda:0')",0.8153798108879131
87,0.0024576577620609896,"tensor(29.5680, device='cuda:0')",0.8154130848657591
88,0.002452545135456603,"tensor(29.5755, device='cuda:0')",0.815715851253059
89,0.0024504592805169524,"tensor(29.5824, device='cuda:0')",0.8158973183766226
90,0.002447564681933727,"tensor(29.5837, device='cuda:0')",0.8159141109277563
91,0.0024435662496398434,"tensor(29.5906, device='cuda:0')",0.8161142456781598
92,0.0024422302802122433,"tensor(29.5970, device='cuda:0')",0.8162153252120689
93,0.002439344939048169,"tensor(29.5981, device='cuda:0')",0.8162665161405768
94,0.0024350724724354223,"tensor(29.6098, device='cuda:0')",0.8166036816200746
95,0.0024306105847790604,"tensor(29.6163, device='cuda:0')",0.8168332918955146
96,0.002428608527989127,"tensor(29.6227, device='cuda:0')",0.8168466770929104
97,0.0024260087748552905,"tensor(29.6246, device='cuda:0')",0.8168883368799267
98,0.0024229697392729576,"tensor(29.6338, device='cuda:0')",0.8172860282438975
99,0.002422077585797524,"tensor(29.6330, device='cuda:0')",0.8171316758490157
100,0.0024203229728664154,"tensor(29.6389, device='cuda:0')",0.8172121082830008
101,0.002418679174152203,"tensor(29.6350, device='cuda:0')",0.8171839466402305
102,0.0024118996178731323,"tensor(29.6537, device='cuda:0')",0.8176614116577358
103,0.0024122353021084563,"tensor(29.6508, device='cuda:0')",0.8174956713602805
104,0.002408857017981063,"tensor(29.6611, device='cuda:0')",0.817936190855182
105,0.0024075586826438665,"tensor(29.6632, device='cuda:0')",0.8179477964177029
106,0.002404428761292365,"tensor(29.6623, device='cuda:0')",0.8181203369245281
107,0.002400199490803061,"tensor(29.6704, device='cuda:0')",0.8180417320785841
108,0.0024024866890613337,"tensor(29.6701, device='cuda:0')",0.8180886338629472
109,0.002400124723026238,"tensor(29.6693, device='cuda:0')",0.8180006486817879
110,0.002394046598528803,"tensor(29.6879, device='cuda:0')",0.8185176494212194
111,0.002391139186656801,"tensor(29.6895, device='cuda:0')",0.818529124623485
112,0.002391786470216175,"tensor(29.6879, device='cuda:0')",0.8186451348942242
113,0.002387747799548379,"tensor(29.6989, device='cuda:0')",0.8187408228596915
114,0.002387662826367887,"tensor(29.6973, device='cuda:0')",0.8189213811136944
115,0.002386937571900489,"tensor(29.6944, device='cuda:0')",0.8187298427233675
116,0.002381583611277165,"tensor(29.7030, device='cuda:0')",0.819005520799972
117,0.0023785651694561236,"tensor(29.7123, device='cuda:0')",0.8190935048441947
118,0.002380242387698672,"tensor(29.7121, device='cuda:0')",0.8191397149918308
119,0.0023791396605520277,"tensor(29.7178, device='cuda:0')",0.8192207700521013
120,0.0023768873749577322,"tensor(29.7163, device='cuda:0')",0.8190942496924662
121,0.002370888202312926,"tensor(29.7294, device='cuda:0')",0.819531796284121
122,0.002377934796786576,"tensor(29.7153, device='cuda:0')",0.8192719194019114
123,0.0023710430440405618,"tensor(29.7311, device='cuda:0')",0.8196049336069161
124,0.002366315971266886,"tensor(29.7310, device='cuda:0')",0.8195192408133103
125,0.0023654165242260206,"tensor(29.7431, device='cuda:0')",0.8197456305566756
126,0.002366110899565683,"tensor(29.7333, device='cuda:0')",0.8196521782417282
127,0.002359824974446383,"tensor(29.7470, device='cuda:0')",0.8200172683055226
128,0.002361467055416142,"tensor(29.7461, device='cuda:0')",0.8200618211104092
129,0.0023589827362229697,"tensor(29.7509, device='cuda:0')",0.820022532603338
130,0.002357891884748824,"tensor(29.7508, device='cuda:0')",0.8200026087977615
131,0.002356001248517714,"tensor(29.7623, device='cuda:0')",0.8203565563635842
132,0.0023511087591032266,"tensor(29.7631, device='cuda:0')",0.8204004881108103
133,0.002351700902399898,"tensor(29.7667, device='cuda:0')",0.8204235935917439
134,0.0023513765856841926,"tensor(29.7589, device='cuda:0')",0.8203210776404534
135,0.0023514289354352514,"tensor(29.7657, device='cuda:0')",0.8202945322839393
136,0.0023497096665960272,"tensor(29.7688, device='cuda:0')",0.8205603331254956
137,0.00234865570339025,"tensor(29.7701, device='cuda:0')",0.8205530949535748
138,0.0023515340105223002,"tensor(29.7686, device='cuda:0')",0.8203025965286475
139,0.002346032653003931,"tensor(29.7774, device='cuda:0')",0.8205396389557381
140,0.002343138834585261,"tensor(29.7796, device='cuda:0')",0.8207395120802832
141,0.002341220086964313,"tensor(29.7855, device='cuda:0')",0.8208919062957757
142,0.0023374356002022977,"tensor(29.7951, device='cuda:0')",0.8211548268767724
143,0.0023398712879861704,"tensor(29.7909, device='cuda:0')",0.8211416084092612
144,0.002341491245460929,"tensor(29.7860, device='cuda:0')",0.8208492867844167
145,0.002341164034442045,"tensor(29.7873, device='cuda:0')",0.820763865350692
146,0.0023365605749495443,"tensor(29.7963, device='cuda:0')",0.8210767331221117
147,0.002334680304011272,"tensor(29.8033, device='cuda:0')",0.8212019559804472
148,0.002334019231093407,"tensor(29.7978, device='cuda:0')",0.82119826886317
149,0.0023343023014604112,"tensor(29.8029, device='cuda:0')",0.8212722496667628
150,0.0023377116992196532,"tensor(29.7954, device='cuda:0')",0.8210948687785431
151,0.0023298816976239324,"tensor(29.8082, device='cuda:0')",0.8213650635712649
152,0.00232986272960261,"tensor(29.8115, device='cuda:0')",0.8214871362107479
153,0.0023286119200565734,"tensor(29.8139, device='cuda:0')",0.821530689331507
154,0.002330991117814847,"tensor(29.8061, device='cuda:0')",0.821312322827984
155,0.0023253663883224364,"tensor(29.8151, device='cuda:0')",0.821710310019025
156,0.0023280038335724384,"tensor(29.8121, device='cuda:0')",0.8216609337699096
157,0.002321465881068434,"tensor(29.8297, device='cuda:0')",0.8220636173083065
158,0.002322261129411345,"tensor(29.8238, device='cuda:0')",0.8219060756772129
159,0.00231769573638303,"tensor(29.8359, device='cuda:0')",0.8221257285912748
160,0.002320357693097321,"tensor(29.8318, device='cuda:0')",0.821956743224697
161,0.002317737763005425,"tensor(29.8378, device='cuda:0')",0.822102103491287
162,0.002317062719994283,"tensor(29.8416, device='cuda:0')",0.8222461188497405
163,0.002313925030757673,"tensor(29.8440, device='cuda:0')",0.822304584415891
164,0.0023169123007392043,"tensor(29.8381, device='cuda:0')",0.8220507628385357
165,0.0023185669712620437,"tensor(29.8401, device='cuda:0')",0.822188800725488
166,0.0023147443744164775,"tensor(29.8423, device='cuda:0')",0.8221675210786676
167,0.002310904203550308,"tensor(29.8442, device='cuda:0')",0.8223876081285946
168,0.0023108965688516036,"tensor(29.8518, device='cuda:0')",0.8223981559214398
169,0.0023098429977108027,"tensor(29.8480, device='cuda:0')",0.8224413665822314
170,0.00231235330193158,"tensor(29.8419, device='cuda:0')",0.8221982979209922
171,0.0023082759013414032,"tensor(29.8535, device='cuda:0')",0.8224877641591042
172,0.0023085679273572167,"tensor(29.8507, device='cuda:0')",0.8225981325501808
173,0.0023087174790271093,"tensor(29.8473, device='cuda:0')",0.8224501532921952
174,0.0023075096223692526,"tensor(29.8541, device='cuda:0')",0.8224151253614062
175,0.002306412416692183,"tensor(29.8577, device='cuda:0')",0.8225685794669004
176,0.0023039613648870726,"tensor(29.8626, device='cuda:0')",0.8228322166462463
177,0.0023001186898545713,"tensor(29.8649, device='cuda:0')",0.8229436074163284
178,0.0023041624918187153,"tensor(29.8649, device='cuda:0')",0.8228624557017882
179,0.0022998688981169836,"tensor(29.8693, device='cuda:0')",0.8229472211250379
180,0.002303790914265846,"tensor(29.8596, device='cuda:0')",0.8227410832678211
181,0.002299192888494872,"tensor(29.8739, device='cuda:0')",0.8230774614952537
182,0.002297162233371637,"tensor(29.8762, device='cuda:0')",0.8230664209519354
183,0.002296377346756344,"tensor(29.8807, device='cuda:0')",0.8231670954386
184,0.002295255432763952,"tensor(29.8840, device='cuda:0')",0.8232717020635204
185,0.002301035480668361,"tensor(29.8695, device='cuda:0')",0.8229790898549919
186,0.0023031197069212795,"tensor(29.8616, device='cuda:0')",0.8228876617206299
187,0.002293173673315323,"tensor(29.8889, device='cuda:0')",0.8235496357863386
188,0.002293452802223328,"tensor(29.8874, device='cuda:0')",0.8232906854929974
189,0.002292882123911113,"tensor(29.8840, device='cuda:0')",0.823402371540093
190,0.0022899983193565275,"tensor(29.8905, device='cuda:0')",0.8234314250070943
191,0.0022903779790067347,"tensor(29.8896, device='cuda:0')",0.8233664534017241
192,0.0022929781425045804,"tensor(29.8838, device='cuda:0')",0.8233233661105462
193,0.002290731900866376,"tensor(29.8977, device='cuda:0')",0.8235913082303509
194,0.0022987001982255604,"tensor(29.8769, device='cuda:0')",0.8230752280721155
195,0.0022889421551371926,"tensor(29.8981, device='cuda:0')",0.8236511310013143
196,0.0022883382174768486,"tensor(29.8953, device='cuda:0')",0.8234226380724786
197,0.002285127345676301,"tensor(29.9056, device='cuda:0')",0.8237314574102719
198,0.002287689287477406,"tensor(29.8945, device='cuda:0')",0.8235901943574777
199,0.0022852673027591664,"tensor(29.9034, device='cuda:0')",0.8237387784665153
200,0.002288443947181804,"tensor(29.8966, device='cuda:0')",0.8234827159767572
201,0.0022837172752770128,"tensor(29.9054, device='cuda:0')",0.823738877103139
202,0.002281656386694522,"tensor(29.9078, device='cuda:0')",0.8240069753746998
203,0.0022809197438618868,"tensor(29.9105, device='cuda:0')",0.8239824313194313
204,0.0022808120288027567,"tensor(29.9080, device='cuda:0')",0.8240009876542138
205,0.0022867352447428855,"tensor(29.8951, device='cuda:0')",0.8236004382913077
206,0.002306164747715229,"tensor(29.8620, device='cuda:0')",0.8228560444205526
207,0.002286760361894267,"tensor(29.8978, device='cuda:0')",0.8237305421786284
208,0.0022791705793497384,"tensor(29.9173, device='cuda:0')",0.8240497375004422
209,0.002279148454181268,"tensor(29.9177, device='cuda:0')",0.8240717056900202
210,0.002278403761629306,"tensor(29.9221, device='cuda:0')",0.8241414002478894
211,0.0022781552262676995,"tensor(29.9151, device='cuda:0')",0.8240611798665474
212,0.00227572005296679,"tensor(29.9221, device='cuda:0')",0.8243515589923462
213,0.002278282406550716,"tensor(29.9119, device='cuda:0')",0.8241321067650839
214,0.002274855818905053,"tensor(29.9294, device='cuda:0')",0.8243482219451065
215,0.0022766876627429156,"tensor(29.9236, device='cuda:0')",0.8243308352346973
216,0.002273100378588424,"tensor(29.9253, device='cuda:0')",0.8244855988092442
217,0.002272370632781531,"tensor(29.9272, device='cuda:0')",0.82435472054489
218,0.0022751281685123104,"tensor(29.9224, device='cuda:0')",0.8242593313421825
219,0.0022729685235390205,"tensor(29.9286, device='cuda:0')",0.8243568818133052
220,0.002274151537894795,"tensor(29.9282, device='cuda:0')",0.824346980190392
221,0.0022758784134930465,"tensor(29.9207, device='cuda:0')",0.8242658510101728
222,0.0022682602813802076,"tensor(29.9348, device='cuda:0')",0.8246098656650842
223,0.0022699542687041685,"tensor(29.9344, device='cuda:0')",0.8245793967921904
224,0.0022700105378680746,"tensor(29.9317, device='cuda:0')",0.8245923827772513
225,0.00228821735301608,"tensor(29.8886, device='cuda:0')",0.8235432954475371
226,0.00226988573143899,"tensor(29.9332, device='cuda:0')",0.8244693953540413
227,0.0022700637242087395,"tensor(29.9306, device='cuda:0')",0.8246131864852224
228,0.0022689520754647675,"tensor(29.9360, device='cuda:0')",0.8246332485853956
229,0.00226712527750351,"tensor(29.9398, device='cuda:0')",0.8249094259199446
230,0.0022698651727841935,"tensor(29.9325, device='cuda:0')",0.824689714413462
231,0.0022653910696681123,"tensor(29.9463, device='cuda:0')",0.8248809267895478
232,0.002264606506614655,"tensor(29.9445, device='cuda:0')",0.8248559562625993
233,0.0022615572428912856,"tensor(29.9479, device='cuda:0')",0.8249647907050224
234,0.0022644062092513195,"tensor(29.9460, device='cuda:0')",0.8249265753436614
235,0.0022629705038343675,"tensor(29.9496, device='cuda:0')",0.8249308209259251
236,0.002264237615672755,"tensor(29.9482, device='cuda:0')",0.8249066334057769
237,0.002259851563394477,"tensor(29.9583, device='cuda:0')",0.8252085902744064
238,0.0022627784740689096,"tensor(29.9479, device='cuda:0')",0.8250441574786903
239,0.002259739430483023,"tensor(29.9571, device='cuda:0')",0.825100983484543
240,0.0022752597665748908,"tensor(29.9244, device='cuda:0')",0.8244606277283715
241,0.0022620747278051566,"tensor(29.9484, device='cuda:0')",0.8248295219783424
242,0.0022641046455464677,"tensor(29.9492, device='cuda:0')",0.8249623676042013
243,0.0022573260186254628,"tensor(29.9627, device='cuda:0')",0.8253129363841732
244,0.0022644769495673246,"tensor(29.9470, device='cuda:0')",0.8249910775588577
245,0.002257898947245849,"tensor(29.9609, device='cuda:0')",0.8253067090148662
246,0.00225627412146423,"tensor(29.9601, device='cuda:0')",0.8253815934062909
247,0.002257486082671676,"tensor(29.9642, device='cuda:0')",0.8254009788473019
248,0.0022613732754689407,"tensor(29.9552, device='cuda:0')",0.8251782834942185
249,0.002254368221620098,"tensor(29.9662, device='cuda:0')",0.825404111100192
250,0.0022617848849404254,"tensor(29.9599, device='cuda:0')",0.8252274417174512
251,0.002255259448575089,"tensor(29.9657, device='cuda:0')",0.8255355986817466
252,0.002254263445684046,"tensor(29.9687, device='cuda:0')",0.8254435021435889
253,0.00224980523747945,"tensor(29.9769, device='cuda:0')",0.8258274978701116
254,0.0022596839052494034,"tensor(29.9572, device='cuda:0')",0.8251423175245262
255,0.00226316739070171,"tensor(29.9484, device='cuda:0')",0.8250580383015825
256,0.002253650838028989,"tensor(29.9668, device='cuda:0')",0.8254353738945922
257,0.0022501403652495353,"tensor(29.9736, device='cuda:0')",0.8256994137878259
258,0.0022506154039365358,"tensor(29.9727, device='cuda:0')",0.8256303676753042
259,0.0022528167453492644,"tensor(29.9749, device='cuda:0')",0.825631889491074
260,0.0022528800007421525,"tensor(29.9689, device='cuda:0')",0.8255113283168665
261,0.0022501838174139267,"tensor(29.9732, device='cuda:0')",0.8256781618535153
262,0.0022501494979951533,"tensor(29.9732, device='cuda:0')",0.8255270768706918
263,0.0022495010340207954,"tensor(29.9776, device='cuda:0')",0.8256716480496054
264,0.0022568500320630847,"tensor(29.9581, device='cuda:0')",0.8252348052438307
265,0.0022496996644258615,"tensor(29.9771, device='cuda:0')",0.8257327240623004
266,0.0022483648010893378,"tensor(29.9786, device='cuda:0')",0.8256577672011421
267,0.0022501225533414983,"tensor(29.9770, device='cuda:0')",0.8255697561503874
268,0.002251019609575451,"tensor(29.9767, device='cuda:0')",0.8257320996710367
269,0.0022484784682455937,"tensor(29.9837, device='cuda:0')",0.8258596898510988
270,0.0022601021288210176,"tensor(29.9497, device='cuda:0')",0.8250176831899377
271,0.0022461570427549306,"tensor(29.9832, device='cuda:0')",0.8258389186726354
272,0.002251059256523149,"tensor(29.9771, device='cuda:0')",0.8255575004616529
273,0.00224796569415048,"tensor(29.9772, device='cuda:0')",0.825600628023739
274,0.0022428354339717772,"tensor(29.9867, device='cuda:0')",0.8259754302749373
275,0.0022394455178800852,"tensor(29.9947, device='cuda:0')",0.8259907752243383
276,0.002242772171048273,"tensor(29.9910, device='cuda:0')",0.8259524528225286
277,0.0022386951470252823,"tensor(29.9986, device='cuda:0')",0.8261503657512712
278,0.002240550410679134,"tensor(29.9947, device='cuda:0')",0.826211395117844
279,0.0022400233446387575,"tensor(29.9960, device='cuda:0')",0.8261744663641701
280,0.002242258518563176,"tensor(29.9829, device='cuda:0')",0.8258871701729185
281,0.002241700709419092,"tensor(29.9962, device='cuda:0')",0.8261118302592148
282,0.0022409881100611526,"tensor(29.9968, device='cuda:0')",0.8260488286268872
283,0.002237300600281742,"tensor(30.0030, device='cuda:0')",0.82638608916796
284,0.0022435398830930355,"tensor(29.9889, device='cuda:0')",0.8258900628743127
285,0.002238899412441242,"tensor(30.0020, device='cuda:0')",0.8262198278193815
286,0.002240482091110607,"tensor(29.9962, device='cuda:0')",0.8261734213414281
287,0.0022491723284110776,"tensor(29.9785, device='cuda:0')",0.8258447416285452
288,0.002237522899704345,"tensor(30.0046, device='cuda:0')",0.8262301694794069
289,0.0022377905228495366,"tensor(30.0025, device='cuda:0')",0.8262782003350932
290,0.002240270209404116,"tensor(29.9996, device='cuda:0')",0.8263021461953676
291,0.002235597436410899,"tensor(30.0078, device='cuda:0')",0.8264567783510506
292,0.002240694287283986,"tensor(29.9956, device='cuda:0')",0.8262833510669423
293,0.002233896834804909,"tensor(30.0120, device='cuda:0')",0.8266245454997988
294,0.0022376385622555972,"tensor(29.9995, device='cuda:0')",0.8261587313616636
295,0.0022343926910616575,"tensor(30.0111, device='cuda:0')",0.8266604361808828
296,0.0022373483941191805,"tensor(30.0041, device='cuda:0')",0.8264487681448165
297,0.002234583615754673,"tensor(30.0109, device='cuda:0')",0.8265763344064142
298,0.0022356187879267963,"tensor(30.0038, device='cuda:0')",0.8264298308756713
299,0.0022318640951925774,"tensor(30.0131, device='cuda:0')",0.8267425685114838
300,0.0022334012659121073,"tensor(30.0084, device='cuda:0')",0.8264025885475442
301,0.0022313317646330687,"tensor(30.0153, device='cuda:0')",0.826598044992571
302,0.002231830655618978,"tensor(30.0139, device='cuda:0')",0.8267459752019606
303,0.0022315779067139372,"tensor(30.0138, device='cuda:0')",0.8266136471381087
304,0.0022336124619687326,"tensor(30.0124, device='cuda:0')",0.826487354279045
305,0.0022284371348359855,"tensor(30.0209, device='cuda:0')",0.826814437959417
306,0.002229970307162148,"tensor(30.0142, device='cuda:0')",0.8266892971463858
307,0.002233048210873676,"tensor(30.0082, device='cuda:0')",0.8265543570942708
308,0.002239065732792369,"tensor(29.9969, device='cuda:0')",0.8264028326539047
309,0.0022306100749847247,"tensor(30.0171, device='cuda:0')",0.826865385479892
310,0.0022326465293008367,"tensor(30.0142, device='cuda:0')",0.8265184913893623
311,0.002228615362873825,"tensor(30.0221, device='cuda:0')",0.8269711325376935
312,0.002227481528680073,"tensor(30.0264, device='cuda:0')",0.8270172509106669
313,0.002228141637679073,"tensor(30.0262, device='cuda:0')",0.8268583699648113
314,0.0022330413692543518,"tensor(30.0128, device='cuda:0')",0.8266479331910975
315,0.002229158854643174,"tensor(30.0198, device='cuda:0')",0.8269155618595324
316,0.002227123460979783,"tensor(30.0291, device='cuda:0')",0.827186442326305
317,0.002234293147957942,"tensor(30.0123, device='cuda:0')",0.8267540015406135
318,0.0022275278763481763,"tensor(30.0252, device='cuda:0')",0.8269777437967101
319,0.002227038106757391,"tensor(30.0219, device='cuda:0')",0.8267929252670178
320,0.002232583351942594,"tensor(30.0142, device='cuda:0')",0.8266000635777475
321,0.0022591631014074664,"tensor(29.9509, device='cuda:0')",0.8251939238385853
322,0.00222820614813827,"tensor(30.0174, device='cuda:0')",0.826833423305461
323,0.002223803655942902,"tensor(30.0282, device='cuda:0')",0.8270009753395726
324,0.002225613554401207,"tensor(30.0312, device='cuda:0')",0.8270592845829842
325,0.0022237795019100304,"tensor(30.0275, device='cuda:0')",0.8271083004991617
326,0.002229131901549408,"tensor(30.0243, device='cuda:0')",0.8270675221890587
327,0.002222969200083753,"tensor(30.0363, device='cuda:0')",0.8272962857111534
328,0.0022212311784460324,"tensor(30.0367, device='cuda:0')",0.8273046224877715
329,0.0022219962208691866,"tensor(30.0331, device='cuda:0')",0.8271891606573928
330,0.002221147353047854,"tensor(30.0386, device='cuda:0')",0.8272674027018198
331,0.0022191646140345255,"tensor(30.0364, device='cuda:0')",0.8272746571871943
332,0.00222295048621163,"tensor(30.0319, device='cuda:0')",0.8272008311848864
333,0.0022201488489736222,"tensor(30.0401, device='cuda:0')",0.8272833347317633
334,0.002221545194661303,"tensor(30.0343, device='cuda:0')",0.8274233053873972
335,0.0022242744719551412,"tensor(30.0328, device='cuda:0')",0.8272619332100404
336,0.002219645032673725,"tensor(30.0409, device='cuda:0')",0.8272867518532674
337,0.0022177360430941915,"tensor(30.0465, device='cuda:0')",0.8275791316536244
338,0.0022210718008864204,"tensor(30.0363, device='cuda:0')",0.8273621573619282
339,0.002228412608819781,"tensor(30.0275, device='cuda:0')",0.827120130184614
340,0.0022727013985058874,"tensor(29.9216, device='cuda:0')",0.8249022192939698
341,0.0022267184228985572,"tensor(30.0284, device='cuda:0')",0.8269755511391882
342,0.0022218769836763385,"tensor(30.0402, device='cuda:0')",0.8273448391664031
343,0.002220843510585837,"tensor(30.0422, device='cuda:0')",0.8273430615337348
344,0.002216780371127243,"tensor(30.0470, device='cuda:0')",0.8276128381577742
345,0.00221479443993303,"tensor(30.0485, device='cuda:0')",0.8275629663218602
346,0.0022164019843330606,"tensor(30.0483, device='cuda:0')",0.8275675521392103
347,0.002213754965196131,"tensor(30.0570, device='cuda:0')",0.827769788525184
348,0.0022217844153783516,"tensor(30.0308, device='cuda:0')",0.8271273511406059
349,0.0022145648216610426,"tensor(30.0480, device='cuda:0')",0.8274940624191927
350,0.002219578682525025,"tensor(30.0375, device='cuda:0')",0.8272903491164234
351,0.002219579753364087,"tensor(30.0427, device='cuda:0')",0.827328772701904
352,0.0022161959301229216,"tensor(30.0473, device='cuda:0')",0.8275791570676795
353,0.0022217682698828867,"tensor(30.0391, device='cuda:0')",0.8274125432851145
354,0.002215750555333216,"tensor(30.0486, device='cuda:0')",0.8277603805816689
355,0.0022101300555004855,"tensor(30.0571, device='cuda:0')",0.8277712200781551
356,0.0022108733915229095,"tensor(30.0573, device='cuda:0')",0.8279551985824679
357,0.002212661095218209,"tensor(30.0551, device='cuda:0')",0.8277170866834292
358,0.0022138860393170036,"tensor(30.0531, device='cuda:0')",0.8276777777838368
359,0.002213641824964725,"tensor(30.0529, device='cuda:0')",0.82763042940241
360,0.0022125536626481333,"tensor(30.0563, device='cuda:0')",0.827833564205021
361,0.002210922709928127,"tensor(30.0604, device='cuda:0')",0.8277929756087329
362,0.0022138159667156286,"tensor(30.0535, device='cuda:0')",0.8276825644294062
363,0.0022122582361043894,"tensor(30.0603, device='cuda:0')",0.8277189993277765
364,0.002210634986840887,"tensor(30.0603, device='cuda:0')",0.8278108373609071
365,0.0022086273114109646,"tensor(30.0642, device='cuda:0')",0.827972899296348
366,0.002217718140309444,"tensor(30.0490, device='cuda:0')",0.8275920789929947
367,0.0022115855782612924,"tensor(30.0629, device='cuda:0')",0.8278978344171556
368,0.0022169310766184933,"tensor(30.0447, device='cuda:0')",0.8274951119578756
369,0.00221554089057463,"tensor(30.0512, device='cuda:0')",0.8277984920464962
370,0.0022191567491245223,"tensor(30.0498, device='cuda:0')",0.8275296790295416
371,0.0022094497740545193,"tensor(30.0658, device='cuda:0')",0.8280333081863073
372,0.0022107429613242857,"tensor(30.0636, device='cuda:0')",0.8280151846132613
373,0.0022095983616236482,"tensor(30.0644, device='cuda:0')",0.827955902519387
374,0.002212016936900909,"tensor(30.0614, device='cuda:0')",0.8279297635119266
375,0.0022080095679484655,"tensor(30.0697, device='cuda:0')",0.8280161884358387
376,0.0022051919465593526,"tensor(30.0655, device='cuda:0')",0.8278920342062496
377,0.0022081042375430115,"tensor(30.0602, device='cuda:0')",0.8280118171098246
378,0.0022083300486701774,"tensor(30.0626, device='cuda:0')",0.827956165941718
379,0.002210537309110805,"tensor(30.0569, device='cuda:0')",0.8278567037181904
380,0.0022057104569103104,"tensor(30.0670, device='cuda:0')",0.8280520444472939
381,0.0022054074996412966,"tensor(30.0677, device='cuda:0')",0.828147917165671
382,0.0022092382824848754,"tensor(30.0648, device='cuda:0')",0.827841526644741
383,0.002204856651951559,"tensor(30.0728, device='cuda:0')",0.8281493940112062
384,0.0022059913657722064,"tensor(30.0726, device='cuda:0')",0.8280636863309094
385,0.0022082808537015807,"tensor(30.0665, device='cuda:0')",0.8279401672065029
386,0.0022074579339459886,"tensor(30.0652, device='cuda:0')",0.8280128413177344
387,0.0022052160203747916,"tensor(30.0723, device='cuda:0')",0.8280755102216695
388,0.0022059240856833638,"tensor(30.0738, device='cuda:0')",0.8281940880420368
389,0.002203510450417525,"tensor(30.0751, device='cuda:0')",0.8281843573792378
390,0.002210662192046584,"tensor(30.0639, device='cuda:0')",0.82792185094485
391,0.0022020328227881692,"tensor(30.0787, device='cuda:0')",0.8283294086995694
392,0.0022062441978778226,"tensor(30.0615, device='cuda:0')",0.8280505479796624
393,0.0022049854373108247,"tensor(30.0699, device='cuda:0')",0.8281094318439303
394,0.002200805563443282,"tensor(30.0820, device='cuda:0')",0.8282823170976414
395,0.0022007622452292707,"tensor(30.0781, device='cuda:0')",0.828211122942226
396,0.002200413371065224,"tensor(30.0815, device='cuda:0')",0.8283103746059901
397,0.0021997276263937236,"tensor(30.0802, device='cuda:0')",0.8284450523025058
398,0.0022040748637300565,"tensor(30.0736, device='cuda:0')",0.8282369275590508
399,0.0022023250033089427,"tensor(30.0799, device='cuda:0')",0.8282880355982344
400,0.0022083211910285173,"tensor(30.0713, device='cuda:0')",0.8280117031104431
401,0.0022011559028032933,"tensor(30.0843, device='cuda:0')",0.8284346760680346
402,0.00220106968194159,"tensor(30.0851, device='cuda:0')",0.8285104081974783
403,0.0021961290572289727,"tensor(30.0927, device='cuda:0')",0.8285579419316962
404,0.0022022329928586258,"tensor(30.0854, device='cuda:0')",0.8285325189593634
405,0.002198007242732274,"tensor(30.0877, device='cuda:0')",0.8285298658909491
406,0.002202299974633206,"tensor(30.0814, device='cuda:0')",0.8285346167122688
407,0.002196903285839653,"tensor(30.0888, device='cuda:0')",0.8285029337775223
408,0.0022001505606749562,"tensor(30.0848, device='cuda:0')",0.8283400417092324
409,0.0022038658662495436,"tensor(30.0830, device='cuda:0')",0.8283208805199496
410,0.0021974251263600308,"tensor(30.0889, device='cuda:0')",0.8284416924061735
411,0.002198644230484206,"tensor(30.0869, device='cuda:0')",0.8284541233021863
412,0.0021956958028022198,"tensor(30.0893, device='cuda:0')",0.8283686360615213
413,0.0021949298257459304,"tensor(30.0938, device='cuda:0')",0.8285650921843246
414,0.0021939709818252595,"tensor(30.0973, device='cuda:0')",0.8287813175935487
415,0.002195935567142442,"tensor(30.0924, device='cuda:0')",0.8286649326674564
416,0.0021992639563177363,"tensor(30.0906, device='cuda:0')",0.8286986915535386
417,0.0021992844931810395,"tensor(30.0895, device='cuda:0')",0.8286059831331398
418,0.0021957497881157904,"tensor(30.0953, device='cuda:0')",0.8286975412343165
419,0.0021929310392442857,"tensor(30.0998, device='cuda:0')",0.8289782347041446
420,0.002196112048004579,"tensor(30.0951, device='cuda:0')",0.8288523445810392
421,0.0021939925367041725,"tensor(30.0968, device='cuda:0')",0.8287592256909747
422,0.0021973946940124734,"tensor(30.0912, device='cuda:0')",0.8287028909104872
423,0.002204631729546236,"tensor(30.0791, device='cuda:0')",0.8282495223567103
424,0.0021963458143363823,"tensor(30.0897, device='cuda:0')",0.8285867334454039
425,0.0021944493105911533,"tensor(30.0970, device='cuda:0')",0.8287443776637724
426,0.0021927557878007064,"tensor(30.0994, device='cuda:0')",0.8289967758132722
427,0.0021957831053077827,"tensor(30.0913, device='cuda:0')",0.828675848546299
428,0.0021927098937521805,"tensor(30.1009, device='cuda:0')",0.8290335394517097
429,0.0021909052276532746,"tensor(30.1022, device='cuda:0')",0.8287469719036202
430,0.0022029438381650835,"tensor(30.0762, device='cuda:0')",0.8282725791999433
431,0.0021910963629125035,"tensor(30.1049, device='cuda:0')",0.8289256169302662
432,0.0021954195537182385,"tensor(30.0906, device='cuda:0')",0.8285516351478772
433,0.0021930832385623944,"tensor(30.0961, device='cuda:0')",0.8288026737371312
434,0.0021936147254382377,"tensor(30.0981, device='cuda:0')",0.8288103308518819
435,0.002193634828981885,"tensor(30.0993, device='cuda:0')",0.8286727160190166
436,0.0021896341281899367,"tensor(30.1069, device='cuda:0')",0.8290481208089858
437,0.0021930159153635033,"tensor(30.0961, device='cuda:0')",0.828930441679782
438,0.0021943290207127575,"tensor(30.0907, device='cuda:0')",0.8287659307477976
439,0.0021893949585501103,"tensor(30.1069, device='cuda:0')",0.8288711438410669
440,0.0021901029849686893,"tensor(30.1010, device='cuda:0')",0.8290165160909033
441,0.0021912688398515456,"tensor(30.1041, device='cuda:0')",0.8291235995405679
442,0.0021947555597580503,"tensor(30.0982, device='cuda:0')",0.8288725008515497
443,0.0021903177925923956,"tensor(30.1044, device='cuda:0')",0.828953834268376
444,0.002189169750054134,"tensor(30.1032, device='cuda:0')",0.8290867691072036
445,0.002185185389535036,"tensor(30.1106, device='cuda:0')",0.8291601791529343
446,0.002192594755215396,"tensor(30.1032, device='cuda:0')",0.8289086884042435
447,0.0021875152596476256,"tensor(30.1092, device='cuda:0')",0.8290498171983895
448,0.002188141161495878,"tensor(30.1061, device='cuda:0')",0.829012988532086
449,0.0021886976936002613,"tensor(30.1047, device='cuda:0')",0.8289000866250206
450,0.002189613485206792,"tensor(30.1050, device='cuda:0')",0.8288750088263659
451,0.002187701156763069,"tensor(30.1053, device='cuda:0')",0.829115897971011
452,0.0021891617895744273,"tensor(30.1062, device='cuda:0')",0.8290601742750963
453,0.0021891308397243847,"tensor(30.1029, device='cuda:0')",0.8288938200693801
454,0.0021833239845000206,"tensor(30.1134, device='cuda:0')",0.8293653088199897
455,0.002182245982112363,"tensor(30.1168, device='cuda:0')",0.8293048569381489
456,0.0021904267993522806,"tensor(30.1069, device='cuda:0')",0.828966534322784
457,0.0021884453648817726,"tensor(30.1083, device='cuda:0')",0.8291537608206322
458,0.0021860270224351554,"tensor(30.1047, device='cuda:0')",0.82895717692454
459,0.0021824730512526,"tensor(30.1230, device='cuda:0')",0.8295659266698963
460,0.0021797298618548666,"tensor(30.1253, device='cuda:0')",0.8294753911683606
461,0.0021809163335274207,"tensor(30.1222, device='cuda:0')",0.8293508914858946
462,0.002181921150586277,"tensor(30.1234, device='cuda:0')",0.8293541050365957
463,0.0021819528468768113,"tensor(30.1214, device='cuda:0')",0.8294546911843932
464,0.002182008356139704,"tensor(30.1159, device='cuda:0')",0.8291213566993634
465,0.002177578059308871,"tensor(30.1291, device='cuda:0')",0.8295125016570488
466,0.002183542259626847,"tensor(30.1176, device='cuda:0')",0.8292078619375389
467,0.002183250973248505,"tensor(30.1247, device='cuda:0')",0.8294628286251341
468,0.0021802996154656282,"tensor(30.1246, device='cuda:0')",0.8294047423025127
469,0.0021825688707758674,"tensor(30.1213, device='cuda:0')",0.8294274692800545
470,0.002183940226204868,"tensor(30.1209, device='cuda:0')",0.8294821191635934
471,0.0021813116140765487,"tensor(30.1242, device='cuda:0')",0.8295248595798307
472,0.0021811197539500426,"tensor(30.1236, device='cuda:0')",0.8295010282011623
